{
    "f1_score": 0.9957877000842459,
    "Recall": 1.0,
    "Precision_score": 0.9916107382550335
}